{
  "num_parameters": 25762,
  "step": 126350,
  "epoch": 50,
  "validation": {
    "loss": 0.15795128280249157,
    "reduced_chi2_px": 87.4856329247944,
    "reduced_chi2_py": 95.8093943566495,
    "reduced_chi2_pt": 182.84536804907964,
    "reduced_chi2_phi": 1.0983843731770997,
    "reduced_chi2_px_ratio": 31.636889681486032,
    "reduced_chi2_py_ratio": 30.061304385144844,
    "reduced_chi2_pt_ratio": 25.60438291834063,
    "reduced_chi2_phi_ratio": 0.791931452002554,
    "residual_px_mean": -0.2334755456625251,
    "residual_py_mean": 0.09627229326934651,
    "residual_pt_mean": 21.486187845303867,
    "residual_phi_mean": 0.00565819786866094,
    "residual_px_std": 36.71122096722532,
    "residual_py_std": 36.62970392108153,
    "residual_pt_std": 20.72101939381365,
    "residual_phi_std": 0.9107092006797003,
    "residual_px_std_ratio": 0.8491281378590216,
    "residual_py_std_ratio": 0.8467587410882208,
    "residual_pt_std_ratio": 0.7071524661285782,
    "residual_phi_std_ratio": 0.9233458011355336
  },
  "test": {
    "loss": 0.15914800100557866,
    "reduced_chi2_px": 103.84299426703105,
    "reduced_chi2_py": 110.54031954826175,
    "reduced_chi2_pt": 214.45544446763594,
    "reduced_chi2_phi": 0.9377035729485222,
    "reduced_chi2_px_ratio": 33.37768640067237,
    "reduced_chi2_py_ratio": 29.904190802522468,
    "reduced_chi2_pt_ratio": 26.146380292852523,
    "reduced_chi2_phi_ratio": 0.8173003725093001,
    "residual_px_mean": -0.39047548714486385,
    "residual_py_mean": 0.031988183784352336,
    "residual_pt_mean": 21.60375381097561,
    "residual_phi_mean": -0.0005087438525597059,
    "residual_px_std": 36.89929275229609,
    "residual_py_std": 36.79220243994914,
    "residual_pt_std": 20.766220179489803,
    "residual_phi_std": 0.912432154805797,
    "residual_px_std_ratio": 0.8489237451219585,
    "residual_py_std_ratio": 0.8467074712311349,
    "residual_pt_std_ratio": 0.706065513473322,
    "residual_phi_std_ratio": 0.9242317876025483
  }
}