{
  "num_parameters": 25826,
  "step": 353780,
  "epoch": 140,
  "validation": {
    "loss": 0.16221107191084655,
    "reduced_chi2_px": 83.90922740893609,
    "reduced_chi2_py": 99.8203348772069,
    "reduced_chi2_pt": 178.07272322061036,
    "reduced_chi2_phi": 2.8886658985263445,
    "reduced_chi2_px_ratio": 30.34357621984906,
    "reduced_chi2_py_ratio": 31.31978331269501,
    "reduced_chi2_pt_ratio": 24.936055210478955,
    "reduced_chi2_phi_ratio": 2.0827184319394734,
    "residual_px_mean": 0.1442820834698919,
    "residual_py_mean": -0.9710956921821097,
    "residual_pt_mean": 21.49293716512421,
    "residual_phi_mean": -0.0034964820917497575,
    "residual_px_std": 37.2533746780841,
    "residual_py_std": 37.15326333675452,
    "residual_pt_std": 20.124855620117792,
    "residual_phi_std": 0.9184242136709699,
    "residual_px_std_ratio": 0.8616681177018568,
    "residual_py_std_ratio": 0.8588617193884358,
    "residual_pt_std_ratio": 0.6868070055711981,
    "residual_phi_std_ratio": 0.9311678642549994
  },
  "test": {
    "loss": 0.16329061815771254,
    "reduced_chi2_px": 99.34355022557577,
    "reduced_chi2_py": 115.26919651947445,
    "reduced_chi2_pt": 208.28021015167016,
    "reduced_chi2_phi": 2.098354969874547,
    "reduced_chi2_px_ratio": 31.931454680823464,
    "reduced_chi2_py_ratio": 31.183481832317785,
    "reduced_chi2_pt_ratio": 25.393496516814466,
    "reduced_chi2_phi_ratio": 1.8289215782153763,
    "residual_px_mean": -0.06186502368468433,
    "residual_py_mean": -1.0408883496426047,
    "residual_pt_mean": 21.594250369445,
    "residual_phi_mean": -0.010765761838281365,
    "residual_px_std": 37.48991490855688,
    "residual_py_std": 37.268833901791794,
    "residual_pt_std": 20.289800282957888,
    "residual_phi_std": 0.9176104224043058,
    "residual_px_std_ratio": 0.8625118964236853,
    "residual_py_std_ratio": 0.857676301390859,
    "residual_pt_std_ratio": 0.689866915174439,
    "residual_phi_std_ratio": 0.9294770208991245
  }
}