{
  "num_parameters": 25826,
  "step": 141512,
  "epoch": 56,
  "validation": {
    "loss": 0.16399076783233826,
    "reduced_chi2_px": 108.41191484522847,
    "reduced_chi2_py": 121.66632669819519,
    "reduced_chi2_pt": 225.46410755961566,
    "reduced_chi2_phi": 3.9203358509548463,
    "reduced_chi2_px_ratio": 39.204331905165915,
    "reduced_chi2_py_ratio": 38.17421563779127,
    "reduced_chi2_pt_ratio": 31.57241228418089,
    "reduced_chi2_phi_ratio": 2.826549010164913,
    "residual_px_mean": -1.3570964769614198,
    "residual_py_mean": -0.9603344423692989,
    "residual_pt_mean": 20.88527197133715,
    "residual_phi_mean": -0.003011959590028288,
    "residual_px_std": 37.3127838541014,
    "residual_py_std": 37.46217987761625,
    "residual_pt_std": 19.591475093955186,
    "residual_phi_std": 0.9207252041580065,
    "residual_px_std_ratio": 0.8630422480542181,
    "residual_py_std_ratio": 0.8660028576789601,
    "residual_pt_std_ratio": 0.6686041678008973,
    "residual_phi_std_ratio": 0.9335007822743544
  },
  "test": {
    "loss": 0.16505218403529617,
    "reduced_chi2_px": 128.02711416190232,
    "reduced_chi2_py": 140.08465652249708,
    "reduced_chi2_pt": 262.89573721551574,
    "reduced_chi2_phi": 3.3281544469519457,
    "reduced_chi2_px_ratio": 41.15105595174236,
    "reduced_chi2_py_ratio": 37.896744954908634,
    "reduced_chi2_pt_ratio": 32.052214573848396,
    "reduced_chi2_phi_ratio": 2.9008120985496517,
    "residual_px_mean": -1.5635513870792497,
    "residual_py_mean": -1.001329366335383,
    "residual_pt_mean": 21.09335645634451,
    "residual_phi_mean": -0.007565577526151359,
    "residual_px_std": 37.56406776259466,
    "residual_py_std": 37.59378779595942,
    "residual_pt_std": 19.77669067546497,
    "residual_phi_std": 0.9215867729124846,
    "residual_px_std_ratio": 0.8642178943945359,
    "residual_py_std_ratio": 0.8651545405760901,
    "residual_pt_std_ratio": 0.672420841919355,
    "residual_phi_std_ratio": 0.9335047938342975
  }
}