{
  "num_parameters": 25826,
  "step": 20216,
  "epoch": 8,
  "validation": {
    "loss": 0.18494720580666418,
    "reduced_chi2_px": 187.82692219793185,
    "reduced_chi2_py": 133.18168701934724,
    "reduced_chi2_pt": 223.16774195454454,
    "reduced_chi2_phi": 84.45672523766994,
    "reduced_chi2_px_ratio": 67.92269105370931,
    "reduced_chi2_py_ratio": 41.78729297789185,
    "reduced_chi2_pt_ratio": 31.250845350874897,
    "reduced_chi2_phi_ratio": 60.8930158532623,
    "residual_px_mean": 11.24015933100769,
    "residual_py_mean": -2.3161150251439704,
    "residual_pt_mean": 22.293735800064916,
    "residual_phi_mean": -0.0021958808251095405,
    "residual_px_std": 38.98326042633906,
    "residual_py_std": 39.05395108907479,
    "residual_pt_std": 19.57920829110245,
    "residual_phi_std": 0.9639988732194036,
    "residual_px_std_ratio": 0.9016802618208437,
    "residual_py_std_ratio": 0.902799392808456,
    "residual_pt_std_ratio": 0.6681855349274869,
    "residual_phi_std_ratio": 0.9773748977414523
  },
  "test": {
    "loss": 0.1855280412757764,
    "reduced_chi2_px": 221.1796955871432,
    "reduced_chi2_py": 153.3188346199597,
    "reduced_chi2_pt": 262.4738445499594,
    "reduced_chi2_phi": 98.25984245885509,
    "reduced_chi2_px_ratio": 71.09258134949303,
    "reduced_chi2_py_ratio": 41.476953412405436,
    "reduced_chi2_pt_ratio": 32.0007774741572,
    "reduced_chi2_phi_ratio": 85.64306264911302,
    "residual_px_mean": 11.11151914229032,
    "residual_py_mean": -2.427006606023513,
    "residual_pt_mean": 22.449617405734305,
    "residual_phi_mean": -0.00287162057401856,
    "residual_px_std": 39.174657188496596,
    "residual_py_std": 39.14653024919592,
    "residual_pt_std": 19.840021683347704,
    "residual_phi_std": 0.9666331299478942,
    "residual_px_std_ratio": 0.9012719272853266,
    "residual_py_std_ratio": 0.9008881620737141,
    "residual_pt_std_ratio": 0.6745741389668202,
    "residual_phi_std_ratio": 0.9791336933294941
  }
}