{
  "num_parameters": 25826,
  "step": 70756,
  "epoch": 28,
  "validation": {
    "loss": 0.16931979130661629,
    "reduced_chi2_px": 92.57491980756956,
    "reduced_chi2_py": 129.6183761043434,
    "reduced_chi2_pt": 189.34656149309984,
    "reduced_chi2_phi": 27.696208233593776,
    "reduced_chi2_px_ratio": 33.47729709793806,
    "reduced_chi2_py_ratio": 40.66926301064152,
    "reduced_chi2_pt_ratio": 26.514764450796065,
    "reduced_chi2_phi_ratio": 19.96887331704466,
    "residual_px_mean": 5.585919865432302,
    "residual_py_mean": -2.4020779863322947,
    "residual_pt_mean": 22.08228715530947,
    "residual_phi_mean": -0.015870441366483003,
    "residual_px_std": 37.85665920155082,
    "residual_py_std": 37.757306514835555,
    "residual_pt_std": 20.7025097176976,
    "residual_phi_std": 0.9311724169960442,
    "residual_px_std_ratio": 0.8756220492386967,
    "residual_py_std_ratio": 0.8728252185785139,
    "residual_pt_std_ratio": 0.7065207808401308,
    "residual_phi_std_ratio": 0.9440929560443919
  },
  "test": {
    "loss": 0.17020581043662297,
    "reduced_chi2_px": 109.40759600053663,
    "reduced_chi2_py": 148.76397902667784,
    "reduced_chi2_pt": 220.86614041106978,
    "reduced_chi2_phi": 31.723143306046087,
    "reduced_chi2_px_ratio": 35.16628593900979,
    "reduced_chi2_py_ratio": 40.244739942279104,
    "reduced_chi2_pt_ratio": 26.927971520321517,
    "reduced_chi2_phi_ratio": 27.64982195777634,
    "residual_px_mean": 5.455124789643327,
    "residual_py_mean": -2.422519756486144,
    "residual_pt_mean": 22.17588498995208,
    "residual_phi_mean": -0.02008213363828073,
    "residual_px_std": 38.08334062680698,
    "residual_py_std": 37.88289934740687,
    "residual_pt_std": 20.75558386468908,
    "residual_phi_std": 0.932185210947017,
    "residual_px_std_ratio": 0.8761645478869635,
    "residual_py_std_ratio": 0.87180793163169,
    "residual_pt_std_ratio": 0.7057038715853748,
    "residual_phi_std_ratio": 0.9442402915684119
  }
}